Id,BillingCity,BillingCountry,BillingState,Industry,Name,Phone
001T700001isYk5IAE,New York,US,NY,Technology,MDD_6wCQLR7p_Acct_001,555-0001
001T700001isYk6IAE,Chicago,US,IL,Technology,MDD_6wCQLR7p_Acct_002,555-0002
001T700001isYk7IAE,Austin,US,TX,Technology,MDD_6wCQLR7p_Acct_003,555-0003
001T700001isYk8IAE,Seattle,US,WA,Technology,MDD_6wCQLR7p_Acct_004,555-0004
001T700001isYk9IAE,San Francisco,US,CA,Technology,MDD_6wCQLR7p_Acct_005,555-0005
001T700001isYkAIAU,New York,US,NY,Technology,MDD_6wCQLR7p_Acct_006,555-0006
001T700001isYkBIAU,Chicago,US,IL,Technology,MDD_6wCQLR7p_Acct_007,555-0007
001T700001isYkCIAU,Austin,US,TX,Technology,MDD_6wCQLR7p_Acct_008,555-0008
001T700001isYkDIAU,Seattle,US,WA,Technology,MDD_6wCQLR7p_Acct_009,555-0009
001T700001isYkEIAU,San Francisco,US,CA,Technology,MDD_6wCQLR7p_Acct_010,555-0010
001T700001j21qPIAQ,New York,US,NY,Technology,MDD_xNbNMzvI_Acct_001,555-0001
001T700001j21qQIAQ,Chicago,US,IL,Technology,MDD_xNbNMzvI_Acct_002,555-0002
001T700001j21qRIAQ,Austin,US,TX,Technology,MDD_xNbNMzvI_Acct_003,555-0003
001T700001j21qSIAQ,Seattle,US,WA,Technology,MDD_xNbNMzvI_Acct_004,555-0004
001T700001j21qTIAQ,San Francisco,US,CA,Technology,MDD_xNbNMzvI_Acct_005,555-0005
001T700001j21qUIAQ,New York,US,NY,Technology,MDD_xNbNMzvI_Acct_006,555-0006
001T700001j21qVIAQ,Chicago,US,IL,Technology,MDD_xNbNMzvI_Acct_007,555-0007
001T700001j21qWIAQ,Austin,US,TX,Technology,MDD_xNbNMzvI_Acct_008,555-0008
001T700001j21qXIAQ,Seattle,US,WA,Technology,MDD_xNbNMzvI_Acct_009,555-0009
001T700001j21qYIAQ,San Francisco,US,CA,Technology,MDD_xNbNMzvI_Acct_010,555-0010
001T700001j22hdIAA,New York,US,NY,Technology,MDD_nk090mr4_Acct_001,555-0001
001T700001j22heIAA,Chicago,US,IL,Technology,MDD_nk090mr4_Acct_002,555-0002
001T700001j22hfIAA,Austin,US,TX,Technology,MDD_nk090mr4_Acct_003,555-0003
001T700001j22hgIAA,Seattle,US,WA,Technology,MDD_nk090mr4_Acct_004,555-0004
001T700001j22hhIAA,San Francisco,US,CA,Technology,MDD_nk090mr4_Acct_005,555-0005
001T700001j22hiIAA,New York,US,NY,Technology,MDD_nk090mr4_Acct_006,555-0006
001T700001j22hjIAA,Chicago,US,IL,Technology,MDD_nk090mr4_Acct_007,555-0007
001T700001j22hkIAA,Austin,US,TX,Technology,MDD_nk090mr4_Acct_008,555-0008
001T700001j22hlIAA,Seattle,US,WA,Technology,MDD_nk090mr4_Acct_009,555-0009
001T700001j22hmIAA,San Francisco,US,CA,Technology,MDD_nk090mr4_Acct_010,555-0010
001T700001j2KY5IAM,New York,US,NY,Technology,MDD_FoSzD5tq_Acct_001,555-0001
001T700001j2KY6IAM,Chicago,US,IL,Technology,MDD_FoSzD5tq_Acct_002,555-0002
001T700001j2KY7IAM,Austin,US,TX,Technology,MDD_FoSzD5tq_Acct_003,555-0003
001T700001j2KY8IAM,Seattle,US,WA,Technology,MDD_FoSzD5tq_Acct_004,555-0004
001T700001j2KY9IAM,San Francisco,US,CA,Technology,MDD_FoSzD5tq_Acct_005,555-0005
001T700001j2KYAIA2,New York,US,NY,Technology,MDD_FoSzD5tq_Acct_006,555-0006
001T700001j2KYBIA2,Chicago,US,IL,Technology,MDD_FoSzD5tq_Acct_007,555-0007
001T700001j2KYCIA2,Austin,US,TX,Technology,MDD_FoSzD5tq_Acct_008,555-0008
001T700001j2KYDIA2,Seattle,US,WA,Technology,MDD_FoSzD5tq_Acct_009,555-0009
001T700001j2KYEIA2,San Francisco,US,CA,Technology,MDD_FoSzD5tq_Acct_010,555-0010
001T700001j2NsXIAU,New York,US,NY,Technology,MDD_pfnf3JXY_Acct_001,555-0001
001T700001j2NsYIAU,Chicago,US,IL,Technology,MDD_pfnf3JXY_Acct_002,555-0002
001T700001j2NsZIAU,Austin,US,TX,Technology,MDD_pfnf3JXY_Acct_003,555-0003
001T700001j2NsaIAE,Seattle,US,WA,Technology,MDD_pfnf3JXY_Acct_004,555-0004
001T700001j2NsbIAE,San Francisco,US,CA,Technology,MDD_pfnf3JXY_Acct_005,555-0005
001T700001j2NscIAE,New York,US,NY,Technology,MDD_pfnf3JXY_Acct_006,555-0006
001T700001j2NsdIAE,Chicago,US,IL,Technology,MDD_pfnf3JXY_Acct_007,555-0007
001T700001j2NseIAE,Austin,US,TX,Technology,MDD_pfnf3JXY_Acct_008,555-0008
001T700001j2NsfIAE,Seattle,US,WA,Technology,MDD_pfnf3JXY_Acct_009,555-0009
001T700001j2NsgIAE,San Francisco,US,CA,Technology,MDD_pfnf3JXY_Acct_010,555-0010
001T700001j2SFpIAM,New York,US,NY,Technology,MDD_rf6a2ayD_Acct_001,555-0001
001T700001j2SFqIAM,Chicago,US,IL,Technology,MDD_rf6a2ayD_Acct_002,555-0002
001T700001j2SFrIAM,Austin,US,TX,Technology,MDD_rf6a2ayD_Acct_003,555-0003
001T700001j2SFsIAM,Seattle,US,WA,Technology,MDD_rf6a2ayD_Acct_004,555-0004
001T700001j2SFtIAM,San Francisco,US,CA,Technology,MDD_rf6a2ayD_Acct_005,555-0005
001T700001j2SFuIAM,New York,US,NY,Technology,MDD_rf6a2ayD_Acct_006,555-0006
001T700001j2SFvIAM,Chicago,US,IL,Technology,MDD_rf6a2ayD_Acct_007,555-0007
001T700001j2SFwIAM,Austin,US,TX,Technology,MDD_rf6a2ayD_Acct_008,555-0008
001T700001j2SFxIAM,Seattle,US,WA,Technology,MDD_rf6a2ayD_Acct_009,555-0009
001T700001j2SFyIAM,San Francisco,US,CA,Technology,MDD_rf6a2ayD_Acct_010,555-0010
001T700001j2U6LIAU,New York,US,NY,Technology,MDD_nkO9m6XT_Acct_001,555-0001
001T700001j2U6MIAU,Chicago,US,IL,Technology,MDD_nkO9m6XT_Acct_002,555-0002
001T700001j2U6NIAU,Austin,US,TX,Technology,MDD_nkO9m6XT_Acct_003,555-0003
001T700001j2U6OIAU,Seattle,US,WA,Technology,MDD_nkO9m6XT_Acct_004,555-0004
001T700001j2U6PIAU,San Francisco,US,CA,Technology,MDD_nkO9m6XT_Acct_005,555-0005
001T700001j2U6QIAU,New York,US,NY,Technology,MDD_nkO9m6XT_Acct_006,555-0006
001T700001j2U6RIAU,Chicago,US,IL,Technology,MDD_nkO9m6XT_Acct_007,555-0007
001T700001j2U6SIAU,Austin,US,TX,Technology,MDD_nkO9m6XT_Acct_008,555-0008
001T700001j2U6TIAU,Seattle,US,WA,Technology,MDD_nkO9m6XT_Acct_009,555-0009
001T700001j2U6UIAU,San Francisco,US,CA,Technology,MDD_nkO9m6XT_Acct_010,555-0010
001T700001j2xktIAA,New York,US,NY,Technology,MDD_GSAYN5Sv_Acct_001,555-0001
001T700001j2xkuIAA,Chicago,US,IL,Technology,MDD_GSAYN5Sv_Acct_002,555-0002
001T700001j2xkvIAA,Austin,US,TX,Technology,MDD_GSAYN5Sv_Acct_003,555-0003
001T700001j2xkwIAA,Seattle,US,WA,Technology,MDD_GSAYN5Sv_Acct_004,555-0004
001T700001j2xkxIAA,San Francisco,US,CA,Technology,MDD_GSAYN5Sv_Acct_005,555-0005
001T700001j2xkyIAA,New York,US,NY,Technology,MDD_GSAYN5Sv_Acct_006,555-0006
001T700001j2xkzIAA,Chicago,US,IL,Technology,MDD_GSAYN5Sv_Acct_007,555-0007
001T700001j2xl0IAA,Austin,US,TX,Technology,MDD_GSAYN5Sv_Acct_008,555-0008
001T700001j2xl1IAA,Seattle,US,WA,Technology,MDD_GSAYN5Sv_Acct_009,555-0009
001T700001j2xl2IAA,San Francisco,US,CA,Technology,MDD_GSAYN5Sv_Acct_010,555-0010
001T700001kNnTFIA0,New York,US,NY,Technology,MDD_hBD7mxNF_Acct_001,555-0001
001T700001kNnTGIA0,Chicago,US,IL,Technology,MDD_hBD7mxNF_Acct_002,555-0002
001T700001kNnTHIA0,Austin,US,TX,Technology,MDD_hBD7mxNF_Acct_003,555-0003
001T700001kNnTIIA0,Seattle,US,WA,Technology,MDD_hBD7mxNF_Acct_004,555-0004
001T700001kNnTJIA0,San Francisco,US,CA,Technology,MDD_hBD7mxNF_Acct_005,555-0005
001T700001kNnTKIA0,New York,US,NY,Technology,MDD_hBD7mxNF_Acct_006,555-0006
001T700001kNnTLIA0,Chicago,US,IL,Technology,MDD_hBD7mxNF_Acct_007,555-0007
001T700001kNnTMIA0,Austin,US,TX,Technology,MDD_hBD7mxNF_Acct_008,555-0008
001T700001kNnTNIA0,Seattle,US,WA,Technology,MDD_hBD7mxNF_Acct_009,555-0009
001T700001kNnTOIA0,San Francisco,US,CA,Technology,MDD_hBD7mxNF_Acct_010,555-0010
001T700001kNuCzIAK,New York,US,NY,Technology,MDD_rEvhpHW2_Acct_001,555-0001
001T700001kNuD0IAK,Chicago,US,IL,Technology,MDD_rEvhpHW2_Acct_002,555-0002
001T700001kNuD1IAK,Austin,US,TX,Technology,MDD_rEvhpHW2_Acct_003,555-0003
001T700001kNuD2IAK,Seattle,US,WA,Technology,MDD_rEvhpHW2_Acct_004,555-0004
001T700001kNuD3IAK,San Francisco,US,CA,Technology,MDD_rEvhpHW2_Acct_005,555-0005
001T700001kNuD4IAK,New York,US,NY,Technology,MDD_rEvhpHW2_Acct_006,555-0006
001T700001kNuD5IAK,Chicago,US,IL,Technology,MDD_rEvhpHW2_Acct_007,555-0007
001T700001kNuD6IAK,Austin,US,TX,Technology,MDD_rEvhpHW2_Acct_008,555-0008
001T700001kNuD7IAK,Seattle,US,WA,Technology,MDD_rEvhpHW2_Acct_009,555-0009
001T700001kNuD8IAK,San Francisco,US,CA,Technology,MDD_rEvhpHW2_Acct_010,555-0010
001T700001kO0vIIAS,New York,US,NY,Technology,MDD_i04fBKnu_Acct_001,555-0001
001T700001kO0vJIAS,Chicago,US,IL,Technology,MDD_i04fBKnu_Acct_002,555-0002
001T700001kO0vKIAS,Austin,US,TX,Technology,MDD_i04fBKnu_Acct_003,555-0003
001T700001kO0vLIAS,Seattle,US,WA,Technology,MDD_i04fBKnu_Acct_004,555-0004
001T700001kO0vMIAS,San Francisco,US,CA,Technology,MDD_i04fBKnu_Acct_005,555-0005
001T700001kO0vNIAS,New York,US,NY,Technology,MDD_i04fBKnu_Acct_006,555-0006
001T700001kO0vOIAS,Chicago,US,IL,Technology,MDD_i04fBKnu_Acct_007,555-0007
001T700001kO0vPIAS,Austin,US,TX,Technology,MDD_i04fBKnu_Acct_008,555-0008
001T700001kO0vQIAS,Seattle,US,WA,Technology,MDD_i04fBKnu_Acct_009,555-0009
001T700001kO0vRIAS,San Francisco,US,CA,Technology,MDD_i04fBKnu_Acct_010,555-0010
001T700001kO4o5IAC,New York,US,NY,Technology,MDD_RxMyqV2q_Acct_001,555-0001
001T700001kO4o6IAC,Chicago,US,IL,Technology,MDD_RxMyqV2q_Acct_002,555-0002
001T700001kO4o7IAC,Austin,US,TX,Technology,MDD_RxMyqV2q_Acct_003,555-0003
001T700001kO4o8IAC,Seattle,US,WA,Technology,MDD_RxMyqV2q_Acct_004,555-0004
001T700001kO4o9IAC,San Francisco,US,CA,Technology,MDD_RxMyqV2q_Acct_005,555-0005
001T700001kO4oAIAS,New York,US,NY,Technology,MDD_RxMyqV2q_Acct_006,555-0006
001T700001kO4oBIAS,Chicago,US,IL,Technology,MDD_RxMyqV2q_Acct_007,555-0007
001T700001kO4oCIAS,Austin,US,TX,Technology,MDD_RxMyqV2q_Acct_008,555-0008
001T700001kO4oDIAS,Seattle,US,WA,Technology,MDD_RxMyqV2q_Acct_009,555-0009
001T700001kO4oEIAS,San Francisco,US,CA,Technology,MDD_RxMyqV2q_Acct_010,555-0010
001T700001mnEIbIAM,New York,US,NY,Technology,MDD_dXsCSZ4W_Acct_001,555-0001
001T700001mnEIcIAM,Chicago,US,IL,Technology,MDD_dXsCSZ4W_Acct_002,555-0002
001T700001mnEIdIAM,Austin,US,TX,Technology,MDD_dXsCSZ4W_Acct_003,555-0003
001T700001mnEIeIAM,Seattle,US,WA,Technology,MDD_dXsCSZ4W_Acct_004,555-0004
001T700001mnEIfIAM,San Francisco,US,CA,Technology,MDD_dXsCSZ4W_Acct_005,555-0005
001T700001mnEIgIAM,New York,US,NY,Technology,MDD_dXsCSZ4W_Acct_006,555-0006
001T700001mnEIhIAM,Chicago,US,IL,Technology,MDD_dXsCSZ4W_Acct_007,555-0007
001T700001mnEIiIAM,Austin,US,TX,Technology,MDD_dXsCSZ4W_Acct_008,555-0008
001T700001mnEIjIAM,Seattle,US,WA,Technology,MDD_dXsCSZ4W_Acct_009,555-0009
001T700001mnEIkIAM,San Francisco,US,CA,Technology,MDD_dXsCSZ4W_Acct_010,555-0010
001T700001mnFBbIAM,New York,US,NY,Technology,MDD_dX1udhja_Acct_001,555-0001
001T700001mnFBcIAM,Chicago,US,IL,Technology,MDD_dX1udhja_Acct_002,555-0002
001T700001mnFBdIAM,Austin,US,TX,Technology,MDD_dX1udhja_Acct_003,555-0003
001T700001mnFBeIAM,Seattle,US,WA,Technology,MDD_dX1udhja_Acct_004,555-0004
001T700001mnFBfIAM,San Francisco,US,CA,Technology,MDD_dX1udhja_Acct_005,555-0005
001T700001mnFBgIAM,New York,US,NY,Technology,MDD_dX1udhja_Acct_006,555-0006
001T700001mnFBhIAM,Chicago,US,IL,Technology,MDD_dX1udhja_Acct_007,555-0007
001T700001mnFBiIAM,Austin,US,TX,Technology,MDD_dX1udhja_Acct_008,555-0008
001T700001mnFBjIAM,Seattle,US,WA,Technology,MDD_dX1udhja_Acct_009,555-0009
001T700001mnFBkIAM,San Francisco,US,CA,Technology,MDD_dX1udhja_Acct_010,555-0010
001T700001nGVxZIAW,New York,US,NY,Technology,MDD_sLdLZpcH_Acct_001,555-0001
001T700001nGVxaIAG,Chicago,US,IL,Technology,MDD_sLdLZpcH_Acct_002,555-0002
001T700001nGVxbIAG,Austin,US,TX,Technology,MDD_sLdLZpcH_Acct_003,555-0003
001T700001nGVxcIAG,Seattle,US,WA,Technology,MDD_sLdLZpcH_Acct_004,555-0004
001T700001nGVxdIAG,San Francisco,US,CA,Technology,MDD_sLdLZpcH_Acct_005,555-0005
001T700001nGVxeIAG,New York,US,NY,Technology,MDD_sLdLZpcH_Acct_006,555-0006
001T700001nGVxfIAG,Chicago,US,IL,Technology,MDD_sLdLZpcH_Acct_007,555-0007
001T700001nGVxgIAG,Austin,US,TX,Technology,MDD_sLdLZpcH_Acct_008,555-0008
001T700001nGVxhIAG,Seattle,US,WA,Technology,MDD_sLdLZpcH_Acct_009,555-0009
001T700001nGVxiIAG,San Francisco,US,CA,Technology,MDD_sLdLZpcH_Acct_010,555-0010
001T700001nGb75IAC,New York,US,NY,Technology,MDD_UH1BdOzk_Acct_001,555-0001
001T700001nGb76IAC,Chicago,US,IL,Technology,MDD_UH1BdOzk_Acct_002,555-0002
001T700001nGb77IAC,Austin,US,TX,Technology,MDD_UH1BdOzk_Acct_003,555-0003
001T700001nGb78IAC,Seattle,US,WA,Technology,MDD_UH1BdOzk_Acct_004,555-0004
001T700001nGb79IAC,San Francisco,US,CA,Technology,MDD_UH1BdOzk_Acct_005,555-0005
001T700001nGb7AIAS,New York,US,NY,Technology,MDD_UH1BdOzk_Acct_006,555-0006
001T700001nGb7BIAS,Chicago,US,IL,Technology,MDD_UH1BdOzk_Acct_007,555-0007
001T700001nGb7CIAS,Austin,US,TX,Technology,MDD_UH1BdOzk_Acct_008,555-0008
001T700001nGb7DIAS,Seattle,US,WA,Technology,MDD_UH1BdOzk_Acct_009,555-0009
001T700001nGb7EIAS,San Francisco,US,CA,Technology,MDD_UH1BdOzk_Acct_010,555-0010
001T700001qblJPIAY,New York,US,NY,Technology,MDD_k1eZZj2i_Acct_001,555-0001
001T700001qblJQIAY,Chicago,US,IL,Technology,MDD_k1eZZj2i_Acct_002,555-0002
001T700001qblJRIAY,Austin,US,TX,Technology,MDD_k1eZZj2i_Acct_003,555-0003
001T700001qblJSIAY,Seattle,US,WA,Technology,MDD_k1eZZj2i_Acct_004,555-0004
001T700001qblJTIAY,San Francisco,US,CA,Technology,MDD_k1eZZj2i_Acct_005,555-0005
001T700001qblJUIAY,New York,US,NY,Technology,MDD_k1eZZj2i_Acct_006,555-0006
001T700001qblJVIAY,Chicago,US,IL,Technology,MDD_k1eZZj2i_Acct_007,555-0007
001T700001qblJWIAY,Austin,US,TX,Technology,MDD_k1eZZj2i_Acct_008,555-0008
001T700001qblJXIAY,Seattle,US,WA,Technology,MDD_k1eZZj2i_Acct_009,555-0009
001T700001qblJYIAY,San Francisco,US,CA,Technology,MDD_k1eZZj2i_Acct_010,555-0010
001T700001qbleDIAQ,New York,US,NY,Technology,MDD_dwnhpnCQ_Acct_001,555-0001
001T700001qbleEIAQ,Chicago,US,IL,Technology,MDD_dwnhpnCQ_Acct_002,555-0002
001T700001qbleFIAQ,Austin,US,TX,Technology,MDD_dwnhpnCQ_Acct_003,555-0003
001T700001qbleGIAQ,Seattle,US,WA,Technology,MDD_dwnhpnCQ_Acct_004,555-0004
001T700001qbleHIAQ,San Francisco,US,CA,Technology,MDD_dwnhpnCQ_Acct_005,555-0005
001T700001qbleIIAQ,New York,US,NY,Technology,MDD_dwnhpnCQ_Acct_006,555-0006
001T700001qbleJIAQ,Chicago,US,IL,Technology,MDD_dwnhpnCQ_Acct_007,555-0007
001T700001qbleKIAQ,Austin,US,TX,Technology,MDD_dwnhpnCQ_Acct_008,555-0008
001T700001qbleLIAQ,Seattle,US,WA,Technology,MDD_dwnhpnCQ_Acct_009,555-0009
001T700001qbleMIAQ,San Francisco,US,CA,Technology,MDD_dwnhpnCQ_Acct_010,555-0010
001T700001qbmW5IAI,New York,US,NY,Technology,MDD_uWhErnA2_Acct_001,555-0001
001T700001qbmW6IAI,Chicago,US,IL,Technology,MDD_uWhErnA2_Acct_002,555-0002
001T700001qbmW7IAI,Austin,US,TX,Technology,MDD_uWhErnA2_Acct_003,555-0003
001T700001qbmW8IAI,Seattle,US,WA,Technology,MDD_uWhErnA2_Acct_004,555-0004
001T700001qbmW9IAI,San Francisco,US,CA,Technology,MDD_uWhErnA2_Acct_005,555-0005
001T700001qbmWAIAY,New York,US,NY,Technology,MDD_uWhErnA2_Acct_006,555-0006
001T700001qbmWBIAY,Chicago,US,IL,Technology,MDD_uWhErnA2_Acct_007,555-0007
001T700001qbmWCIAY,Austin,US,TX,Technology,MDD_uWhErnA2_Acct_008,555-0008
001T700001qbmWDIAY,Seattle,US,WA,Technology,MDD_uWhErnA2_Acct_009,555-0009
001T700001qbmWEIAY,San Francisco,US,CA,Technology,MDD_uWhErnA2_Acct_010,555-0010
001T700001qy87VIAQ,New York,US,NY,Technology,AWIL_eHKGU8d2_Acct_001,555-0001
001T700001qy8XJIAY,New York,US,NY,Technology,AWIL_91MmbYLB_Acct_001,555-0001
001T700001rsPFKIA2,New York,US,NY,Technology,AWIL_tP7HKcWC_Acct_001,555-0001
001T700001rsQL3IAM,New York,US,NY,Technology,AWIL_9gJ74KJb_Acct_001,555-0001
001T700001rsQjFIAU,New York,US,NY,Technology,AWIL_1cDWFXO3_Acct_001,555-0001
001T700001rsRNaIAM,New York,US,NY,Technology,AWIL_XKlJNj8L_Acct_001,555-0001
001T700001rsRYrIAM,New York,US,NY,Technology,AWIL_wOHhFQI2_Acct_001,555-0001
001T700001rsqCHIAY,New York,US,NY,Technology,AWIL_qgJZ6cBL_Acct_001,555-0001
001T700001rsqqbIAA,New York,US,NY,Technology,AWIL_FHMEvQgC_Acct_001,555-0001
001T700001rsrMrIAI,New York,US,NY,Technology,AWIL_PbZ1AzZH_Acct_001,555-0001
001T700001rt7TFIAY,New York,US,NY,Technology,AWIL_s3IN6wGO_Acct_001,555-0001
001T700001rt7TGIAY,Chicago,US,IL,Technology,AWIL_s3IN6wGO_Acct_002,555-0002
001T700001rt7THIAY,Austin,US,TX,Technology,AWIL_s3IN6wGO_Acct_003,555-0003
001T700001rt7TIIAY,Seattle,US,WA,Technology,AWIL_s3IN6wGO_Acct_004,555-0004
001T700001rt7TJIAY,San Francisco,US,CA,Technology,AWIL_s3IN6wGO_Acct_005,555-0005
001T700001rt7TKIAY,New York,US,NY,Technology,AWIL_s3IN6wGO_Acct_006,555-0006
001T700001rt7TLIAY,Chicago,US,IL,Technology,AWIL_s3IN6wGO_Acct_007,555-0007
001T700001rt7TMIAY,Austin,US,TX,Technology,AWIL_s3IN6wGO_Acct_008,555-0008
001T700001rt7TNIAY,Seattle,US,WA,Technology,AWIL_s3IN6wGO_Acct_009,555-0009
001T700001rt7TOIAY,San Francisco,US,CA,Technology,AWIL_s3IN6wGO_Acct_010,555-0010
001T700001soFttIAE,New York,US,NY,Technology,AWIL_9bLsBWOd_Acct_001,555-0001
001T700001soFtuIAE,Chicago,US,IL,Technology,AWIL_9bLsBWOd_Acct_002,555-0002
001T700001soFtvIAE,Austin,US,TX,Technology,AWIL_9bLsBWOd_Acct_003,555-0003
001T700001soFtwIAE,Seattle,US,WA,Technology,AWIL_9bLsBWOd_Acct_004,555-0004
001T700001soFtxIAE,San Francisco,US,CA,Technology,AWIL_9bLsBWOd_Acct_005,555-0005
001T700001soFtyIAE,New York,US,NY,Technology,AWIL_9bLsBWOd_Acct_006,555-0006
001T700001soFtzIAE,Chicago,US,IL,Technology,AWIL_9bLsBWOd_Acct_007,555-0007
001T700001soFu0IAE,Austin,US,TX,Technology,AWIL_9bLsBWOd_Acct_008,555-0008
001T700001soFu1IAE,Seattle,US,WA,Technology,AWIL_9bLsBWOd_Acct_009,555-0009
001T700001soFu2IAE,San Francisco,US,CA,Technology,AWIL_9bLsBWOd_Acct_010,555-0010
001T700001soFu3IAE,New York,US,NY,Technology,AWIL_9bLsBWOd_Acct_011,555-0011
001T700001soFu4IAE,Chicago,US,IL,Technology,AWIL_9bLsBWOd_Acct_012,555-0012
001T700001soFu5IAE,Austin,US,TX,Technology,AWIL_9bLsBWOd_Acct_013,555-0013
001T700001soFu6IAE,Seattle,US,WA,Technology,AWIL_9bLsBWOd_Acct_014,555-0014
001T700001soFu7IAE,San Francisco,US,CA,Technology,AWIL_9bLsBWOd_Acct_015,555-0015
001T700001soFu8IAE,New York,US,NY,Technology,AWIL_9bLsBWOd_Acct_016,555-0016
001T700001soFu9IAE,Chicago,US,IL,Technology,AWIL_9bLsBWOd_Acct_017,555-0017
001T700001soFuAIAU,Austin,US,TX,Technology,AWIL_9bLsBWOd_Acct_018,555-0018
001T700001soFuBIAU,Seattle,US,WA,Technology,AWIL_9bLsBWOd_Acct_019,555-0019
001T700001soFuCIAU,San Francisco,US,CA,Technology,AWIL_9bLsBWOd_Acct_020,555-0020
001T700001soFuDIAU,New York,US,NY,Technology,AWIL_9bLsBWOd_Acct_021,555-0021
001T700001soFuEIAU,Chicago,US,IL,Technology,AWIL_9bLsBWOd_Acct_022,555-0022
001T700001soFuFIAU,Austin,US,TX,Technology,AWIL_9bLsBWOd_Acct_023,555-0023
001T700001soFuGIAU,Seattle,US,WA,Technology,AWIL_9bLsBWOd_Acct_024,555-0024
001T700001soFuHIAU,San Francisco,US,CA,Technology,AWIL_9bLsBWOd_Acct_025,555-0025
001T700001soFuIIAU,New York,US,NY,Technology,AWIL_9bLsBWOd_Acct_026,555-0026
001T700001soFuJIAU,Chicago,US,IL,Technology,AWIL_9bLsBWOd_Acct_027,555-0027
001T700001soFuKIAU,Austin,US,TX,Technology,AWIL_9bLsBWOd_Acct_028,555-0028
001T700001soFuLIAU,Seattle,US,WA,Technology,AWIL_9bLsBWOd_Acct_029,555-0029
001T700001soFuMIAU,San Francisco,US,CA,Technology,AWIL_9bLsBWOd_Acct_030,555-0030
001T700001soFuNIAU,New York,US,NY,Technology,AWIL_9bLsBWOd_Acct_031,555-0031
001T700001soFuOIAU,Chicago,US,IL,Technology,AWIL_9bLsBWOd_Acct_032,555-0032
001T700001soFuPIAU,Austin,US,TX,Technology,AWIL_9bLsBWOd_Acct_033,555-0033
001T700001soFuQIAU,Seattle,US,WA,Technology,AWIL_9bLsBWOd_Acct_034,555-0034
001T700001soFuRIAU,San Francisco,US,CA,Technology,AWIL_9bLsBWOd_Acct_035,555-0035
001T700001soFuSIAU,New York,US,NY,Technology,AWIL_9bLsBWOd_Acct_036,555-0036
001T700001soFuTIAU,Chicago,US,IL,Technology,AWIL_9bLsBWOd_Acct_037,555-0037
001T700001soFuUIAU,Austin,US,TX,Technology,AWIL_9bLsBWOd_Acct_038,555-0038
001T700001soFuVIAU,Seattle,US,WA,Technology,AWIL_9bLsBWOd_Acct_039,555-0039
001T700001soFuWIAU,San Francisco,US,CA,Technology,AWIL_9bLsBWOd_Acct_040,555-0040
001T700001soFuXIAU,New York,US,NY,Technology,AWIL_9bLsBWOd_Acct_041,555-0041
001T700001soFuYIAU,Chicago,US,IL,Technology,AWIL_9bLsBWOd_Acct_042,555-0042
001T700001soFuZIAU,Austin,US,TX,Technology,AWIL_9bLsBWOd_Acct_043,555-0043
001T700001soFuaIAE,Seattle,US,WA,Technology,AWIL_9bLsBWOd_Acct_044,555-0044
001T700001soFubIAE,San Francisco,US,CA,Technology,AWIL_9bLsBWOd_Acct_045,555-0045
001T700001soFucIAE,New York,US,NY,Technology,AWIL_9bLsBWOd_Acct_046,555-0046
001T700001soFudIAE,Chicago,US,IL,Technology,AWIL_9bLsBWOd_Acct_047,555-0047
001T700001soFueIAE,Austin,US,TX,Technology,AWIL_9bLsBWOd_Acct_048,555-0048
001T700001soFufIAE,Seattle,US,WA,Technology,AWIL_9bLsBWOd_Acct_049,555-0049
001T700001soFugIAE,San Francisco,US,CA,Technology,AWIL_9bLsBWOd_Acct_050,555-0050
001T700001soFvVIAU,New York,US,NY,Technology,AWIL_9bLsBWOd_Acct_051,555-0051
001T700001soFvWIAU,Chicago,US,IL,Technology,AWIL_9bLsBWOd_Acct_052,555-0052
001T700001soFvXIAU,Austin,US,TX,Technology,AWIL_9bLsBWOd_Acct_053,555-0053
001T700001soFvYIAU,Seattle,US,WA,Technology,AWIL_9bLsBWOd_Acct_054,555-0054
001T700001soFvZIAU,San Francisco,US,CA,Technology,AWIL_9bLsBWOd_Acct_055,555-0055
001T700001soFvaIAE,New York,US,NY,Technology,AWIL_9bLsBWOd_Acct_056,555-0056
001T700001soFvbIAE,Chicago,US,IL,Technology,AWIL_9bLsBWOd_Acct_057,555-0057
001T700001soFvcIAE,Austin,US,TX,Technology,AWIL_9bLsBWOd_Acct_058,555-0058
001T700001soFvdIAE,Seattle,US,WA,Technology,AWIL_9bLsBWOd_Acct_059,555-0059
001T700001soFveIAE,San Francisco,US,CA,Technology,AWIL_9bLsBWOd_Acct_060,555-0060
001T700001soFvfIAE,New York,US,NY,Technology,AWIL_9bLsBWOd_Acct_061,555-0061
001T700001soFvgIAE,Chicago,US,IL,Technology,AWIL_9bLsBWOd_Acct_062,555-0062
001T700001soFvhIAE,Austin,US,TX,Technology,AWIL_9bLsBWOd_Acct_063,555-0063
001T700001soFviIAE,Seattle,US,WA,Technology,AWIL_9bLsBWOd_Acct_064,555-0064
001T700001soFvjIAE,San Francisco,US,CA,Technology,AWIL_9bLsBWOd_Acct_065,555-0065
001T700001soFvkIAE,New York,US,NY,Technology,AWIL_9bLsBWOd_Acct_066,555-0066
001T700001soFvlIAE,Chicago,US,IL,Technology,AWIL_9bLsBWOd_Acct_067,555-0067
001T700001soFvmIAE,Austin,US,TX,Technology,AWIL_9bLsBWOd_Acct_068,555-0068
001T700001soFvnIAE,Seattle,US,WA,Technology,AWIL_9bLsBWOd_Acct_069,555-0069
001T700001soFvoIAE,San Francisco,US,CA,Technology,AWIL_9bLsBWOd_Acct_070,555-0070
001T700001soFvpIAE,New York,US,NY,Technology,AWIL_9bLsBWOd_Acct_071,555-0071
001T700001soFvqIAE,Chicago,US,IL,Technology,AWIL_9bLsBWOd_Acct_072,555-0072
001T700001soFvrIAE,Austin,US,TX,Technology,AWIL_9bLsBWOd_Acct_073,555-0073
001T700001soFvsIAE,Seattle,US,WA,Technology,AWIL_9bLsBWOd_Acct_074,555-0074
001T700001soFvtIAE,San Francisco,US,CA,Technology,AWIL_9bLsBWOd_Acct_075,555-0075
001T700001soFvuIAE,New York,US,NY,Technology,AWIL_9bLsBWOd_Acct_076,555-0076
001T700001soFvvIAE,Chicago,US,IL,Technology,AWIL_9bLsBWOd_Acct_077,555-0077
001T700001soFvwIAE,Austin,US,TX,Technology,AWIL_9bLsBWOd_Acct_078,555-0078
001T700001soFvxIAE,Seattle,US,WA,Technology,AWIL_9bLsBWOd_Acct_079,555-0079
001T700001soFvyIAE,San Francisco,US,CA,Technology,AWIL_9bLsBWOd_Acct_080,555-0080
001T700001soGmjIAE,New York,US,NY,Technology,AWIL_OH7axQwl_Acct_001,555-0001
001T700001soGmkIAE,Chicago,US,IL,Technology,AWIL_OH7axQwl_Acct_002,555-0002
001T700001soGmlIAE,Austin,US,TX,Technology,AWIL_OH7axQwl_Acct_003,555-0003
001T700001soGmmIAE,Seattle,US,WA,Technology,AWIL_OH7axQwl_Acct_004,555-0004
001T700001soGmnIAE,San Francisco,US,CA,Technology,AWIL_OH7axQwl_Acct_005,555-0005
001T700001soGmoIAE,New York,US,NY,Technology,AWIL_OH7axQwl_Acct_006,555-0006
001T700001soGmpIAE,Chicago,US,IL,Technology,AWIL_OH7axQwl_Acct_007,555-0007
001T700001soGmqIAE,Austin,US,TX,Technology,AWIL_OH7axQwl_Acct_008,555-0008
001T700001soGmrIAE,Seattle,US,WA,Technology,AWIL_OH7axQwl_Acct_009,555-0009
001T700001soGmsIAE,San Francisco,US,CA,Technology,AWIL_OH7axQwl_Acct_010,555-0010
001T700001soGmtIAE,New York,US,NY,Technology,AWIL_OH7axQwl_Acct_011,555-0011
001T700001soGmuIAE,Chicago,US,IL,Technology,AWIL_OH7axQwl_Acct_012,555-0012
001T700001soGmvIAE,Austin,US,TX,Technology,AWIL_OH7axQwl_Acct_013,555-0013
001T700001soGmwIAE,Seattle,US,WA,Technology,AWIL_OH7axQwl_Acct_014,555-0014
001T700001soGmxIAE,San Francisco,US,CA,Technology,AWIL_OH7axQwl_Acct_015,555-0015
001T700001soGmyIAE,New York,US,NY,Technology,AWIL_OH7axQwl_Acct_016,555-0016
001T700001soGmzIAE,Chicago,US,IL,Technology,AWIL_OH7axQwl_Acct_017,555-0017
001T700001soGn0IAE,Austin,US,TX,Technology,AWIL_OH7axQwl_Acct_018,555-0018
001T700001soGn1IAE,Seattle,US,WA,Technology,AWIL_OH7axQwl_Acct_019,555-0019
001T700001soGn2IAE,San Francisco,US,CA,Technology,AWIL_OH7axQwl_Acct_020,555-0020
001T700001soGn3IAE,New York,US,NY,Technology,AWIL_OH7axQwl_Acct_021,555-0021
001T700001soGn4IAE,Chicago,US,IL,Technology,AWIL_OH7axQwl_Acct_022,555-0022
001T700001soGn5IAE,Austin,US,TX,Technology,AWIL_OH7axQwl_Acct_023,555-0023
001T700001soGn6IAE,Seattle,US,WA,Technology,AWIL_OH7axQwl_Acct_024,555-0024
001T700001soGn7IAE,San Francisco,US,CA,Technology,AWIL_OH7axQwl_Acct_025,555-0025
001T700001soGn8IAE,New York,US,NY,Technology,AWIL_OH7axQwl_Acct_026,555-0026
001T700001soGn9IAE,Chicago,US,IL,Technology,AWIL_OH7axQwl_Acct_027,555-0027
001T700001soGnAIAU,Austin,US,TX,Technology,AWIL_OH7axQwl_Acct_028,555-0028
001T700001soGnBIAU,Seattle,US,WA,Technology,AWIL_OH7axQwl_Acct_029,555-0029
001T700001soGnCIAU,San Francisco,US,CA,Technology,AWIL_OH7axQwl_Acct_030,555-0030
001T700001soGnDIAU,New York,US,NY,Technology,AWIL_OH7axQwl_Acct_031,555-0031
001T700001soGnEIAU,Chicago,US,IL,Technology,AWIL_OH7axQwl_Acct_032,555-0032
001T700001soGnFIAU,Austin,US,TX,Technology,AWIL_OH7axQwl_Acct_033,555-0033
001T700001soGnGIAU,Seattle,US,WA,Technology,AWIL_OH7axQwl_Acct_034,555-0034
001T700001soGnHIAU,San Francisco,US,CA,Technology,AWIL_OH7axQwl_Acct_035,555-0035
001T700001soGnIIAU,New York,US,NY,Technology,AWIL_OH7axQwl_Acct_036,555-0036
001T700001soGnJIAU,Chicago,US,IL,Technology,AWIL_OH7axQwl_Acct_037,555-0037
001T700001soGnKIAU,Austin,US,TX,Technology,AWIL_OH7axQwl_Acct_038,555-0038
001T700001soGnLIAU,Seattle,US,WA,Technology,AWIL_OH7axQwl_Acct_039,555-0039
001T700001soGnMIAU,San Francisco,US,CA,Technology,AWIL_OH7axQwl_Acct_040,555-0040
001T700001soGnNIAU,New York,US,NY,Technology,AWIL_OH7axQwl_Acct_041,555-0041
001T700001soGnOIAU,Chicago,US,IL,Technology,AWIL_OH7axQwl_Acct_042,555-0042
001T700001soGnPIAU,Austin,US,TX,Technology,AWIL_OH7axQwl_Acct_043,555-0043
001T700001soGnQIAU,Seattle,US,WA,Technology,AWIL_OH7axQwl_Acct_044,555-0044
001T700001soGnRIAU,San Francisco,US,CA,Technology,AWIL_OH7axQwl_Acct_045,555-0045
001T700001soGnSIAU,New York,US,NY,Technology,AWIL_OH7axQwl_Acct_046,555-0046
001T700001soGnTIAU,Chicago,US,IL,Technology,AWIL_OH7axQwl_Acct_047,555-0047
001T700001soGnUIAU,Austin,US,TX,Technology,AWIL_OH7axQwl_Acct_048,555-0048
001T700001soGnVIAU,Seattle,US,WA,Technology,AWIL_OH7axQwl_Acct_049,555-0049
001T700001soGnWIAU,San Francisco,US,CA,Technology,AWIL_OH7axQwl_Acct_050,555-0050
001T700001soGoLIAU,New York,US,NY,Technology,AWIL_OH7axQwl_Acct_051,555-0051
001T700001soGoMIAU,Chicago,US,IL,Technology,AWIL_OH7axQwl_Acct_052,555-0052
001T700001soGoNIAU,Austin,US,TX,Technology,AWIL_OH7axQwl_Acct_053,555-0053
001T700001soGoOIAU,Seattle,US,WA,Technology,AWIL_OH7axQwl_Acct_054,555-0054
001T700001soGoPIAU,San Francisco,US,CA,Technology,AWIL_OH7axQwl_Acct_055,555-0055
001T700001soGoQIAU,New York,US,NY,Technology,AWIL_OH7axQwl_Acct_056,555-0056
001T700001soGoRIAU,Chicago,US,IL,Technology,AWIL_OH7axQwl_Acct_057,555-0057
001T700001soGoSIAU,Austin,US,TX,Technology,AWIL_OH7axQwl_Acct_058,555-0058
001T700001soGoTIAU,Seattle,US,WA,Technology,AWIL_OH7axQwl_Acct_059,555-0059
001T700001soGoUIAU,San Francisco,US,CA,Technology,AWIL_OH7axQwl_Acct_060,555-0060
001T700001soGoVIAU,New York,US,NY,Technology,AWIL_OH7axQwl_Acct_061,555-0061
001T700001soGoWIAU,Chicago,US,IL,Technology,AWIL_OH7axQwl_Acct_062,555-0062
001T700001soGoXIAU,Austin,US,TX,Technology,AWIL_OH7axQwl_Acct_063,555-0063
001T700001soGoYIAU,Seattle,US,WA,Technology,AWIL_OH7axQwl_Acct_064,555-0064
001T700001soGoZIAU,San Francisco,US,CA,Technology,AWIL_OH7axQwl_Acct_065,555-0065
001T700001soGoaIAE,New York,US,NY,Technology,AWIL_OH7axQwl_Acct_066,555-0066
001T700001soGobIAE,Chicago,US,IL,Technology,AWIL_OH7axQwl_Acct_067,555-0067
001T700001soGocIAE,Austin,US,TX,Technology,AWIL_OH7axQwl_Acct_068,555-0068
001T700001soGodIAE,Seattle,US,WA,Technology,AWIL_OH7axQwl_Acct_069,555-0069
001T700001soGoeIAE,San Francisco,US,CA,Technology,AWIL_OH7axQwl_Acct_070,555-0070
001T700001soGofIAE,New York,US,NY,Technology,AWIL_OH7axQwl_Acct_071,555-0071
001T700001soGogIAE,Chicago,US,IL,Technology,AWIL_OH7axQwl_Acct_072,555-0072
001T700001soGohIAE,Austin,US,TX,Technology,AWIL_OH7axQwl_Acct_073,555-0073
001T700001soGoiIAE,Seattle,US,WA,Technology,AWIL_OH7axQwl_Acct_074,555-0074
001T700001soGojIAE,San Francisco,US,CA,Technology,AWIL_OH7axQwl_Acct_075,555-0075
001T700001soGokIAE,New York,US,NY,Technology,AWIL_OH7axQwl_Acct_076,555-0076
001T700001soGolIAE,Chicago,US,IL,Technology,AWIL_OH7axQwl_Acct_077,555-0077
001T700001soGomIAE,Austin,US,TX,Technology,AWIL_OH7axQwl_Acct_078,555-0078
001T700001soGonIAE,Seattle,US,WA,Technology,AWIL_OH7axQwl_Acct_079,555-0079
001T700001soGooIAE,San Francisco,US,CA,Technology,AWIL_OH7axQwl_Acct_080,555-0080
