Id,Email,FirstName,LastName,Phone
003T700000JxIlxIAF,mdd_xnbnmzvi_1a@perftest.example.com,MDD_xNbNMzvI_FN_001_A,MDD_xNbNMzvI_LN_001_A,555-0002
003T700000JxIlyIAF,mdd_xnbnmzvi_1b@perftest.example.com,MDD_xNbNMzvI_FN_001_B,MDD_xNbNMzvI_LN_001_B,555-0003
003T700000JxIlzIAF,mdd_xnbnmzvi_2a@perftest.example.com,MDD_xNbNMzvI_FN_002_A,MDD_xNbNMzvI_LN_002_A,555-0004
003T700000JxIm0IAF,mdd_xnbnmzvi_2b@perftest.example.com,MDD_xNbNMzvI_FN_002_B,MDD_xNbNMzvI_LN_002_B,555-0005
003T700000JxIm1IAF,mdd_xnbnmzvi_3a@perftest.example.com,MDD_xNbNMzvI_FN_003_A,MDD_xNbNMzvI_LN_003_A,555-0006
003T700000JxIm2IAF,mdd_xnbnmzvi_3b@perftest.example.com,MDD_xNbNMzvI_FN_003_B,MDD_xNbNMzvI_LN_003_B,555-0007
003T700000JxIm3IAF,mdd_xnbnmzvi_4a@perftest.example.com,MDD_xNbNMzvI_FN_004_A,MDD_xNbNMzvI_LN_004_A,555-0008
003T700000JxIm4IAF,mdd_xnbnmzvi_4b@perftest.example.com,MDD_xNbNMzvI_FN_004_B,MDD_xNbNMzvI_LN_004_B,555-0009
003T700000JxIm5IAF,mdd_xnbnmzvi_5a@perftest.example.com,MDD_xNbNMzvI_FN_005_A,MDD_xNbNMzvI_LN_005_A,555-0010
003T700000JxIm6IAF,mdd_xnbnmzvi_5b@perftest.example.com,MDD_xNbNMzvI_FN_005_B,MDD_xNbNMzvI_LN_005_B,555-0011
003T700000JxIm7IAF,mdd_xnbnmzvi_6a@perftest.example.com,MDD_xNbNMzvI_FN_006_A,MDD_xNbNMzvI_LN_006_A,555-0012
003T700000JxIm8IAF,mdd_xnbnmzvi_6b@perftest.example.com,MDD_xNbNMzvI_FN_006_B,MDD_xNbNMzvI_LN_006_B,555-0013
003T700000JxIm9IAF,mdd_xnbnmzvi_7a@perftest.example.com,MDD_xNbNMzvI_FN_007_A,MDD_xNbNMzvI_LN_007_A,555-0014
003T700000JxImAIAV,mdd_xnbnmzvi_7b@perftest.example.com,MDD_xNbNMzvI_FN_007_B,MDD_xNbNMzvI_LN_007_B,555-0015
003T700000JxImBIAV,mdd_xnbnmzvi_8a@perftest.example.com,MDD_xNbNMzvI_FN_008_A,MDD_xNbNMzvI_LN_008_A,555-0016
003T700000JxImCIAV,mdd_xnbnmzvi_8b@perftest.example.com,MDD_xNbNMzvI_FN_008_B,MDD_xNbNMzvI_LN_008_B,555-0017
003T700000JxImDIAV,mdd_xnbnmzvi_9a@perftest.example.com,MDD_xNbNMzvI_FN_009_A,MDD_xNbNMzvI_LN_009_A,555-0018
003T700000JxImEIAV,mdd_xnbnmzvi_9b@perftest.example.com,MDD_xNbNMzvI_FN_009_B,MDD_xNbNMzvI_LN_009_B,555-0019
003T700000JxImFIAV,mdd_xnbnmzvi_10a@perftest.example.com,MDD_xNbNMzvI_FN_010_A,MDD_xNbNMzvI_LN_010_A,555-0020
003T700000JxImGIAV,mdd_xnbnmzvi_10b@perftest.example.com,MDD_xNbNMzvI_FN_010_B,MDD_xNbNMzvI_LN_010_B,555-0021
003T700000JxJIDIA3,mdd_6wcqlr7p_1a@perftest.example.com,MDD_6wCQLR7p_FN_001_A,MDD_6wCQLR7p_LN_001_A,555-0002
003T700000JxJIEIA3,mdd_6wcqlr7p_1b@perftest.example.com,MDD_6wCQLR7p_FN_001_B,MDD_6wCQLR7p_LN_001_B,555-0003
003T700000JxJIFIA3,mdd_6wcqlr7p_2a@perftest.example.com,MDD_6wCQLR7p_FN_002_A,MDD_6wCQLR7p_LN_002_A,555-0004
003T700000JxJIGIA3,mdd_6wcqlr7p_2b@perftest.example.com,MDD_6wCQLR7p_FN_002_B,MDD_6wCQLR7p_LN_002_B,555-0005
003T700000JxJIHIA3,mdd_6wcqlr7p_3a@perftest.example.com,MDD_6wCQLR7p_FN_003_A,MDD_6wCQLR7p_LN_003_A,555-0006
003T700000JxJIIIA3,mdd_6wcqlr7p_3b@perftest.example.com,MDD_6wCQLR7p_FN_003_B,MDD_6wCQLR7p_LN_003_B,555-0007
003T700000JxJIJIA3,mdd_6wcqlr7p_4a@perftest.example.com,MDD_6wCQLR7p_FN_004_A,MDD_6wCQLR7p_LN_004_A,555-0008
003T700000JxJIKIA3,mdd_6wcqlr7p_4b@perftest.example.com,MDD_6wCQLR7p_FN_004_B,MDD_6wCQLR7p_LN_004_B,555-0009
003T700000JxJILIA3,mdd_6wcqlr7p_5a@perftest.example.com,MDD_6wCQLR7p_FN_005_A,MDD_6wCQLR7p_LN_005_A,555-0010
003T700000JxJIMIA3,mdd_6wcqlr7p_5b@perftest.example.com,MDD_6wCQLR7p_FN_005_B,MDD_6wCQLR7p_LN_005_B,555-0011
003T700000JxJINIA3,mdd_6wcqlr7p_6a@perftest.example.com,MDD_6wCQLR7p_FN_006_A,MDD_6wCQLR7p_LN_006_A,555-0012
003T700000JxJIOIA3,mdd_6wcqlr7p_6b@perftest.example.com,MDD_6wCQLR7p_FN_006_B,MDD_6wCQLR7p_LN_006_B,555-0013
003T700000JxJIPIA3,mdd_6wcqlr7p_7a@perftest.example.com,MDD_6wCQLR7p_FN_007_A,MDD_6wCQLR7p_LN_007_A,555-0014
003T700000JxJIQIA3,mdd_6wcqlr7p_7b@perftest.example.com,MDD_6wCQLR7p_FN_007_B,MDD_6wCQLR7p_LN_007_B,555-0015
003T700000JxJIRIA3,mdd_6wcqlr7p_8a@perftest.example.com,MDD_6wCQLR7p_FN_008_A,MDD_6wCQLR7p_LN_008_A,555-0016
003T700000JxJISIA3,mdd_6wcqlr7p_8b@perftest.example.com,MDD_6wCQLR7p_FN_008_B,MDD_6wCQLR7p_LN_008_B,555-0017
003T700000JxJITIA3,mdd_6wcqlr7p_9a@perftest.example.com,MDD_6wCQLR7p_FN_009_A,MDD_6wCQLR7p_LN_009_A,555-0018
003T700000JxJIUIA3,mdd_6wcqlr7p_9b@perftest.example.com,MDD_6wCQLR7p_FN_009_B,MDD_6wCQLR7p_LN_009_B,555-0019
003T700000JxJIVIA3,mdd_6wcqlr7p_10a@perftest.example.com,MDD_6wCQLR7p_FN_010_A,MDD_6wCQLR7p_LN_010_A,555-0020
003T700000JxJIWIA3,mdd_6wcqlr7p_10b@perftest.example.com,MDD_6wCQLR7p_FN_010_B,MDD_6wCQLR7p_LN_010_B,555-0021
003T700000JxJrhIAF,mdd_nk090mr4_1a@perftest.example.com,MDD_nk090mr4_FN_001_A,MDD_nk090mr4_LN_001_A,555-0002
003T700000JxJriIAF,mdd_nk090mr4_1b@perftest.example.com,MDD_nk090mr4_FN_001_B,MDD_nk090mr4_LN_001_B,555-0003
003T700000JxJrjIAF,mdd_nk090mr4_2a@perftest.example.com,MDD_nk090mr4_FN_002_A,MDD_nk090mr4_LN_002_A,555-0004
003T700000JxJrkIAF,mdd_nk090mr4_2b@perftest.example.com,MDD_nk090mr4_FN_002_B,MDD_nk090mr4_LN_002_B,555-0005
003T700000JxJrlIAF,mdd_nk090mr4_3a@perftest.example.com,MDD_nk090mr4_FN_003_A,MDD_nk090mr4_LN_003_A,555-0006
003T700000JxJrmIAF,mdd_nk090mr4_3b@perftest.example.com,MDD_nk090mr4_FN_003_B,MDD_nk090mr4_LN_003_B,555-0007
003T700000JxJrnIAF,mdd_nk090mr4_4a@perftest.example.com,MDD_nk090mr4_FN_004_A,MDD_nk090mr4_LN_004_A,555-0008
003T700000JxJroIAF,mdd_nk090mr4_4b@perftest.example.com,MDD_nk090mr4_FN_004_B,MDD_nk090mr4_LN_004_B,555-0009
003T700000JxJrpIAF,mdd_nk090mr4_5a@perftest.example.com,MDD_nk090mr4_FN_005_A,MDD_nk090mr4_LN_005_A,555-0010
003T700000JxJrqIAF,mdd_nk090mr4_5b@perftest.example.com,MDD_nk090mr4_FN_005_B,MDD_nk090mr4_LN_005_B,555-0011
003T700000JxJrrIAF,mdd_nk090mr4_6a@perftest.example.com,MDD_nk090mr4_FN_006_A,MDD_nk090mr4_LN_006_A,555-0012
003T700000JxJrsIAF,mdd_nk090mr4_6b@perftest.example.com,MDD_nk090mr4_FN_006_B,MDD_nk090mr4_LN_006_B,555-0013
003T700000JxJrtIAF,mdd_nk090mr4_7a@perftest.example.com,MDD_nk090mr4_FN_007_A,MDD_nk090mr4_LN_007_A,555-0014
003T700000JxJruIAF,mdd_nk090mr4_7b@perftest.example.com,MDD_nk090mr4_FN_007_B,MDD_nk090mr4_LN_007_B,555-0015
003T700000JxJrvIAF,mdd_nk090mr4_8a@perftest.example.com,MDD_nk090mr4_FN_008_A,MDD_nk090mr4_LN_008_A,555-0016
003T700000JxJrwIAF,mdd_nk090mr4_8b@perftest.example.com,MDD_nk090mr4_FN_008_B,MDD_nk090mr4_LN_008_B,555-0017
003T700000JxJrxIAF,mdd_nk090mr4_9a@perftest.example.com,MDD_nk090mr4_FN_009_A,MDD_nk090mr4_LN_009_A,555-0018
003T700000JxJryIAF,mdd_nk090mr4_9b@perftest.example.com,MDD_nk090mr4_FN_009_B,MDD_nk090mr4_LN_009_B,555-0019
003T700000JxJrzIAF,mdd_nk090mr4_10a@perftest.example.com,MDD_nk090mr4_FN_010_A,MDD_nk090mr4_LN_010_A,555-0020
003T700000JxJs0IAF,mdd_nk090mr4_10b@perftest.example.com,MDD_nk090mr4_FN_010_B,MDD_nk090mr4_LN_010_B,555-0021
003T700000JxLv7IAF,mdd_foszd5tq_1a@perftest.example.com,MDD_FoSzD5tq_FN_001_A,MDD_FoSzD5tq_LN_001_A,555-0002
003T700000JxLv8IAF,mdd_foszd5tq_1b@perftest.example.com,MDD_FoSzD5tq_FN_001_B,MDD_FoSzD5tq_LN_001_B,555-0003
003T700000JxLv9IAF,mdd_foszd5tq_2a@perftest.example.com,MDD_FoSzD5tq_FN_002_A,MDD_FoSzD5tq_LN_002_A,555-0004
003T700000JxLvAIAV,mdd_foszd5tq_2b@perftest.example.com,MDD_FoSzD5tq_FN_002_B,MDD_FoSzD5tq_LN_002_B,555-0005
003T700000JxLvBIAV,mdd_foszd5tq_3a@perftest.example.com,MDD_FoSzD5tq_FN_003_A,MDD_FoSzD5tq_LN_003_A,555-0006
003T700000JxLvCIAV,mdd_foszd5tq_3b@perftest.example.com,MDD_FoSzD5tq_FN_003_B,MDD_FoSzD5tq_LN_003_B,555-0007
003T700000JxLvDIAV,mdd_foszd5tq_4a@perftest.example.com,MDD_FoSzD5tq_FN_004_A,MDD_FoSzD5tq_LN_004_A,555-0008
003T700000JxLvEIAV,mdd_foszd5tq_4b@perftest.example.com,MDD_FoSzD5tq_FN_004_B,MDD_FoSzD5tq_LN_004_B,555-0009
003T700000JxLvFIAV,mdd_foszd5tq_5a@perftest.example.com,MDD_FoSzD5tq_FN_005_A,MDD_FoSzD5tq_LN_005_A,555-0010
003T700000JxLvGIAV,mdd_foszd5tq_5b@perftest.example.com,MDD_FoSzD5tq_FN_005_B,MDD_FoSzD5tq_LN_005_B,555-0011
003T700000JxLvHIAV,mdd_foszd5tq_6a@perftest.example.com,MDD_FoSzD5tq_FN_006_A,MDD_FoSzD5tq_LN_006_A,555-0012
003T700000JxLvIIAV,mdd_foszd5tq_6b@perftest.example.com,MDD_FoSzD5tq_FN_006_B,MDD_FoSzD5tq_LN_006_B,555-0013
003T700000JxLvJIAV,mdd_foszd5tq_7a@perftest.example.com,MDD_FoSzD5tq_FN_007_A,MDD_FoSzD5tq_LN_007_A,555-0014
003T700000JxLvKIAV,mdd_foszd5tq_7b@perftest.example.com,MDD_FoSzD5tq_FN_007_B,MDD_FoSzD5tq_LN_007_B,555-0015
003T700000JxLvLIAV,mdd_foszd5tq_8a@perftest.example.com,MDD_FoSzD5tq_FN_008_A,MDD_FoSzD5tq_LN_008_A,555-0016
003T700000JxLvMIAV,mdd_foszd5tq_8b@perftest.example.com,MDD_FoSzD5tq_FN_008_B,MDD_FoSzD5tq_LN_008_B,555-0017
003T700000JxLvNIAV,mdd_foszd5tq_9a@perftest.example.com,MDD_FoSzD5tq_FN_009_A,MDD_FoSzD5tq_LN_009_A,555-0018
003T700000JxLvOIAV,mdd_foszd5tq_9b@perftest.example.com,MDD_FoSzD5tq_FN_009_B,MDD_FoSzD5tq_LN_009_B,555-0019
003T700000JxLvPIAV,mdd_foszd5tq_10a@perftest.example.com,MDD_FoSzD5tq_FN_010_A,MDD_FoSzD5tq_LN_010_A,555-0020
003T700000JxLvQIAV,mdd_foszd5tq_10b@perftest.example.com,MDD_FoSzD5tq_FN_010_B,MDD_FoSzD5tq_LN_010_B,555-0021
003T700000JxNkfIAF,mdd_i5gz3oil_1a@perftest.example.com,MDD_i5gZ3oIl_FN_001_A,MDD_i5gZ3oIl_LN_001_A,555-0002
003T700000JxNkgIAF,mdd_i5gz3oil_1b@perftest.example.com,MDD_i5gZ3oIl_FN_001_B,MDD_i5gZ3oIl_LN_001_B,555-0003
003T700000JxNkhIAF,mdd_i5gz3oil_2a@perftest.example.com,MDD_i5gZ3oIl_FN_002_A,MDD_i5gZ3oIl_LN_002_A,555-0004
003T700000JxNkiIAF,mdd_i5gz3oil_2b@perftest.example.com,MDD_i5gZ3oIl_FN_002_B,MDD_i5gZ3oIl_LN_002_B,555-0005
003T700000JxNkjIAF,mdd_i5gz3oil_3a@perftest.example.com,MDD_i5gZ3oIl_FN_003_A,MDD_i5gZ3oIl_LN_003_A,555-0006
003T700000JxNkkIAF,mdd_i5gz3oil_3b@perftest.example.com,MDD_i5gZ3oIl_FN_003_B,MDD_i5gZ3oIl_LN_003_B,555-0007
003T700000JxNklIAF,mdd_i5gz3oil_4a@perftest.example.com,MDD_i5gZ3oIl_FN_004_A,MDD_i5gZ3oIl_LN_004_A,555-0008
003T700000JxNkmIAF,mdd_i5gz3oil_4b@perftest.example.com,MDD_i5gZ3oIl_FN_004_B,MDD_i5gZ3oIl_LN_004_B,555-0009
003T700000JxNknIAF,mdd_i5gz3oil_5a@perftest.example.com,MDD_i5gZ3oIl_FN_005_A,MDD_i5gZ3oIl_LN_005_A,555-0010
003T700000JxNkoIAF,mdd_i5gz3oil_5b@perftest.example.com,MDD_i5gZ3oIl_FN_005_B,MDD_i5gZ3oIl_LN_005_B,555-0011
003T700000JxNkpIAF,mdd_i5gz3oil_6a@perftest.example.com,MDD_i5gZ3oIl_FN_006_A,MDD_i5gZ3oIl_LN_006_A,555-0012
003T700000JxNkqIAF,mdd_i5gz3oil_6b@perftest.example.com,MDD_i5gZ3oIl_FN_006_B,MDD_i5gZ3oIl_LN_006_B,555-0013
003T700000JxNkrIAF,mdd_i5gz3oil_7a@perftest.example.com,MDD_i5gZ3oIl_FN_007_A,MDD_i5gZ3oIl_LN_007_A,555-0014
003T700000JxNksIAF,mdd_i5gz3oil_7b@perftest.example.com,MDD_i5gZ3oIl_FN_007_B,MDD_i5gZ3oIl_LN_007_B,555-0015
003T700000JxNktIAF,mdd_i5gz3oil_8a@perftest.example.com,MDD_i5gZ3oIl_FN_008_A,MDD_i5gZ3oIl_LN_008_A,555-0016
003T700000JxNkuIAF,mdd_i5gz3oil_8b@perftest.example.com,MDD_i5gZ3oIl_FN_008_B,MDD_i5gZ3oIl_LN_008_B,555-0017
003T700000JxNkvIAF,mdd_i5gz3oil_9a@perftest.example.com,MDD_i5gZ3oIl_FN_009_A,MDD_i5gZ3oIl_LN_009_A,555-0018
003T700000JxNkwIAF,mdd_i5gz3oil_9b@perftest.example.com,MDD_i5gZ3oIl_FN_009_B,MDD_i5gZ3oIl_LN_009_B,555-0019
003T700000JxNkxIAF,mdd_i5gz3oil_10a@perftest.example.com,MDD_i5gZ3oIl_FN_010_A,MDD_i5gZ3oIl_LN_010_A,555-0020
003T700000JxNkyIAF,mdd_i5gz3oil_10b@perftest.example.com,MDD_i5gZ3oIl_FN_010_B,MDD_i5gZ3oIl_LN_010_B,555-0021
